Question,Options,Correct Option,CourtEasy-v1 Response,Evaluation,Comments (Optional)
" In which case was a registered society held to be an ""authority"" for the purpose of Article 12?","Options:
A. Som Prakash vs. Union of India
B. Ajay Hasia vs. Khalid Mujib
C. Sukhdev vs. Bhagatram
D. R.D. Shetty vs. International Airport Authority",B,The case in which a registered society was held to be an 'authority' for the purpose of Article 12 is B. Ajay Hasia vs. Khalid Mujib.,Correct,
 The reports of the Comptroller and Auditor General of India relating to the accounts of a State shall be submitted to the __________.,"Options:
A. Governor
B. Committee on Public Undertakings
C. Estimates Committee
D. Public Accounts Committee",A,"The reports of the Comptroller and Auditor General of India relating to the accounts of a State shall be submitted to the Governor. Therefore, the correct option is A. Governor.",Correct,
 Which of the following Article of the Constitution of India declares that the Supreme Court shall be a court of record?,"Options:
A. Article 119
B. Article 111
C. Article 129
D. Article 135",C,The correct option is C. Article 129 of the Constitution of India declares that the Supreme Court shall be a court of record. This means that the Supreme Court has the power to keep its own records and its judgments are considered as authoritative and can be cited as precedents in future cases.,Correct,
" Which article deals with the powers, privileges, and immunities of Parliament and its members?","Options:
A. 107
B. 105
C. 108
D. 102",B,"Article 105 of the Indian Constitution deals with the powers, privileges, and immunities of Parliament and its members.",Correct,
 Which Constitutional Amendment Act inserted provisions related to GST?,"Options:
A. 99
B. 100
C. 101
D. 102",C,The Constitutional Amendment Act that inserted provisions related to GST is the 101st Amendment Act.,Correct,
 Who can initiate impeachment proceedings against the President of India?,"Options:
A. Either House of Parliament
B. Supreme Court
C. Only Lok Sabha
D. Rajya Sabha",A,"Impeachment proceedings against the President of India can be initiated by either House of Parliament. Therefore, the correct answer is A. Either House of Parliament.",Correct,
" Bhartiya Nyaya Sanhita, 2023 considers force to be ""Criminal Force"":","Options:
A. When it is used unintentionally.
B. When intentionally uses force only.
C. When it is used intentionally without consent, causing injury, fear or annoyance.
D. When it is used in self-defence.",C,"The Bhartiya Nyaya Sanhita, 2023 defines ""Criminal Force"" in a specific manner. According to the provisions of the code, criminal force is considered to be the use of force that is intentional and without the consent of the other party, which results in injury, fear, or annoyance. 

Therefore, the correct option is:

C. When it is used intentionally without consent, causing injury, fear or annoyance.

This definition emphasizes the intentional aspect of the force used and the lack of consent, which are critical elements in determining whether the force qualifies as criminal.",Correct,
" According to Bhartiya Nyaya Sanhita, 2023, what is the maximum fine for making or using a document that resembles a currency note or a bank note under Section 182(1)?","Options:
A. One hundred rupees
B. Five hundred rupees
C. Three hundred rupees
D. One thousand rupees",C,"The maximum fine for making or using a document that resembles a currency note or a bank note under Section 182(1) of the Bharatiya Nyaya Sanhita (New Criminal Code), 2023, is three hundred rupees. Therefore, the correct answer is C. Three hundred rupees.",Correct,
" Rajesh, in a heated argument with Sunil, strikes him with a heavy iron rod. The blow fractures Sunil's arm, and he is unable to use it for several weeks. The medical report confirms that the fracture amounts to grievous hurt. Which of the following offenses has Rajesh committed?","Options:
A. Simple hurt under Section 323 of IPC
B. Voluntarily causing grievous hurt under Section 325 of IPC
C. Voluntarily causing hurt under Section 324 of IPC
D. Attempt to commit culpable homicide under Section 308 of IPC",,"Rajesh has committed the offense of voluntarily causing grievous hurt under Section 325 of the Indian Penal Code (IPC). Since the act of striking Sunil with a heavy iron rod resulted in a fracture, it qualifies as grievous hurt, which is specifically addressed under Section 325 IPC.",Correct,Withdrawn
" Amit, intending to cause the death of Vijay, attacks him with a knife. Vijay sustains severe injuries and dies on the spot. The investigation reveals that Amit acted with the knowledge that his actions were likely to cause death. However, there is no evidence of premeditation or intent to murder Vijay. Which of the following offenses has Amit committed?","Options:
A. Murder under Section 302 of IPC
B. Culpable homicide not amounting to murder under Section 304 of IPC
C. Causing death by negligence under Section 304A of IPC
D. Voluntarily causing grievous hurt under Section 325 of IPC",B,"Amit's actions can be analyzed under the Indian Penal Code (IPC) provisions regarding homicide. 

1. **Murder under Section 302 IPC**: This section defines murder and requires the intention to kill or cause death. Since there is no evidence of premeditation or intent to murder, this option does not apply.

2. **Culpable homicide not amounting to murder under Section 304 IPC**: This section applies when a person causes death without the intention to kill but with the knowledge that such an act is likely to cause death. Given that Amit attacked Vijay with a knife and acted with the knowledge that his actions were likely to cause death, this option is applicable.

3. **Causing death by negligence under Section 304A IPC**: This section pertains to causing death by negligence, which does not apply here as Amit's actions were intentional, not negligent.

4. **Voluntarily causing grievous hurt under Section 325 IPC**: This section deals with causing grievous hurt, which does not apply since the act resulted in death.

Based on the analysis, the correct option is **B. Culpable homicide not amounting to murder under Section 304 IPC**.",Correct,
 Punishment for rape in cases where the victim is a woman below the age of 16 or 12 is included in which section of the BNS?,"Options:
A. 64
B. 65
C. 63
D. 72",B,"The punishment for rape in cases where the victim is a woman below the age of 16 is included in Section 65 of the Bharatiya Nyaya Sanhita (New Criminal Code), 2023. For cases where the victim is below the age of 12, it is included in Section 66.",Correct,
" Consider the following statements and answer the question given below: Mr. Patel being a police officer receives a complaint and information that Raju was involved in a robbery of bank and has also helped to hide the valuable properties in his farm, as stated by two villagers. With this regard, consider the following: The Police Officer Mr. Patel may arrest Raju without warrant when – (1) Raju can be arrested only if he commits a non-cognizable offence in the presence of Mr. Patel. (2) Since the reasonable complaint against Raju has been received and there is a strong suspicion exists due to the testimony of villagers, he can be immediately arrested. (3) Raju can be arrested only when he tries to escape or run away. (4) Raju can be arrested so as to prevent him from making any inducement, threat or promise to any person acquainted with facts and circumstances. Which of the above is/are the correct statement?","Options:
A. (1) and (3)
B. (2) and (4)
C. Only (4)
D. Only (2)",B,"Under the Criminal Procedure Code (CrPC) in India, a police officer has the authority to arrest without a warrant under certain conditions. 

1. A police officer can arrest without a warrant for a cognizable offence, which is a serious crime where the police can take action without a magistrate's order. Therefore, statement (1) is incorrect as it refers to non-cognizable offences.

2. Statement (2) is correct. If there is a reasonable complaint and strong suspicion based on credible information (like the testimony of villagers), the police officer can arrest Raju without a warrant.

3. Statement (3) is incorrect. While attempting to escape can be a reason for arrest, it is not a prerequisite for arresting someone for a cognizable offence.

4. Statement (4) is also correct. A police officer can arrest to prevent the accused from influencing witnesses or tampering with evidence.

Thus, the correct statements are (2) and (4).",Correct,
 BNSS introduced the provision of registration of FIR relating to commission of cognizable offense irrespective of area where the offense is committed. This FIR is known as __________.,"Options:
A. NCR
B. Zero FIR
C. False FIR
D. Counter FIR",B,"The FIR introduced under the Bharatiya Nyaya Sanhita (BNS) relating to the commission of a cognizable offense irrespective of the area where the offense is committed is known as a Zero FIR. Therefore, the correct answer is B. Zero FIR.",Correct,
 The BNSS mandates a forensic team to visit the crime scenes to collect evidence for offenses punishable with imprisonment for at least __________ years.,"Options:
A. 2
B. 4
C. 7
D. 5",C,The Bharatiya Nagarik Suraksha Sanhita (BNSS) mandates a forensic team to visit the crime scenes to collect evidence for offenses punishable with imprisonment for at least seven years,Correct,
 Which section of the BNSS allows for trials in absentia of proclaimed offenders?,"Options:
A. 251
B. 349
C. 356
D. 366",C,"The section of the Bharatiya Nagarik Suraksha Sanhita (BNSS) that allows for trials in absentia of proclaimed offenders is Section 356. Therefore, the correct answer is C. 356.",Correct,
 Which section of BNSS mandates the appointment of a designated police officer in each district and police station to provide information about arrested individuals to the general public?,"Options:
A. 25
B. 35
C. 37
D. 45",C,The section of the Bharatiya Nagarik Suraksha Sanhita (BNSS) that mandates the appointment of a designated police officer in each district and police station to provide information about arrested individuals to the general public is Clause 37. This clause requires the State Government to establish a police control room in every district and designate a police officer responsible for maintaining and displaying information about the names and addresses of persons arrested and the nature of the offences with which they are charged.,Correct,
" Which section of BNSS introduces provisions for identifying, attaching, and forfeiting the property of proclaimed offenders located outside India?","Options:
A. 74
B. 76
C. 84
D. 86",D,"The provisions for identifying, attaching, and forfeiting the property of proclaimed offenders located outside India are introduced in Clause 86 of the Bharatiya Nagarik Suraksha Sanhita (BNSS). This clause allows the Court to initiate the process of requesting assistance from a Court or authority in a contracting State for the identification, attachment, and forfeiture of property belonging to a proclaimed person.",Correct,
" Which section of BNSS places restrictions on the adjournment of trials, ensuring the expeditious resolution of cases?","Options:
A. 146
B. 246
C. 346
D. 356",C,"Clause 346 of the Bharatiya Nagarik Suraksha Sanhita (BNSS) places restrictions on the adjournment of trials, ensuring the expeditious resolution of cases. It mandates that the proceedings shall be continued on a day-to-day basis until all witnesses in attendance have been examined, unless the court finds it necessary to adjourn for specific reasons, which must be recorded.",Correct,
" A suit is pending in District Court A, but one of the parties, Meera, requests its transfer to District Court B, claiming that the judge in Court A is biased. The opposing party, Ravi, objects, stating that the request is baseless. Who has the authority to decide whether the suit can be transferred?","Options:
A. The District Court A where the suit is currently pending.
B. The High Court or the Supreme Court
C. The Civil Judge in District Court B
D. A committee of local advocates",B,"In the context of a suit pending in District Court A, the authority to decide whether the suit can be transferred due to alleged bias of the judge typically lies with the High Court or the Supreme Court. 

According to the Code of Civil Procedure, 1908, Section 24 allows the High Court to transfer cases from one court to another to ensure justice is served. The High Court has the power to intervene in cases where there are allegations of bias or other substantial reasons for transfer. 

Case law also supports this position. For instance, in the case of ""Smt. Sushma Sharma vs. State of Rajasthan,"" the High Court emphasized its role in ensuring fair trial rights and the necessity of transferring cases when there are valid concerns regarding the impartiality of the presiding judge.

Therefore, the correct answer is B. The High Court or the Supreme Court.",Correct,
" Maya files a suit in Court A for the recovery of a sum of money from her neighbour, Neha. During the proceedings, Neha requests that a third party, Seema, be added to the suit, as Seema is allegedly liable for the debt. Maya objects, claiming that Seema is not a necessary party. Court A then reviews the application and decides that Seema should indeed be included as a defendant. Which principle of the CPC is applied in this situation?","Options:
A. Order 1, Rule 10 – Joinder and Substitution of Parties
B. Order 7, Rule 11 – Rejection of Plaint
C. Order 5 – Service of Summons
D. Order 6, Rule 17 – Amendment of Pleadings",A,"In the situation described, where Neha requests the addition of a third party, Seema, to the suit filed by Maya, the relevant principle of the Code of Civil Procedure (CPC) that applies is A. Order 1, Rule 10 – Joinder and Substitution of Parties. This provision allows for the addition of parties to a suit when it is necessary for the effective adjudication of the matter.",Correct,
 Which section of the CPC allows for the appeal from original decrees?,"Options:
A. Section 96
B. Section 100
C. Section 115
D. Section 104",A,Section 96 of the Civil Procedure Code (CPC) allows for the appeal from original decrees.,Correct,
 Under which order of the CPC the procedure for summary suits is provided?,"Options:
A. Order XXXV
B. Order XXXVII
C. Order XXXIV
D. Order XXXVI",B,The procedure for summary suits is provided under Order XXXVII of the Civil Procedure Code (CPC).,Correct,
" Which section of the CPC deals with the principle of ""res judicata""?","Options:
A. Section 11
B. Section 10
C. Section 12
D. Section 9",A,"The principle of 'res judicata' is dealt with in Section 11 of the Civil Procedure Code (CPC). This section states that no court shall try any suit or issue in which the matter directly and substantially in issue has been directly and substantially in issue in a former suit between the same parties, and has been heard and finally decided by a competent court. 

The essence of 'res judicata' is to prevent the same issue from being litigated more than once, thereby promoting finality and judicial efficiency. It ensures that once a matter has been adjudicated, it cannot be re-litigated in subsequent proceedings.",Correct,
 __________ of the CPC provides for an interpleader suit.,"Options:
A. Section 88
B. Section 89
C. Section 92
D. Section 86",A,The section of the Civil Procedure Code (CPC) that provides for an interpleader suit is Section 88.,Correct,
 Which section of the CPC provides for the payment of compensatory costs?,"Options:
A. Section 35
B. Section 35 (A)
C. Section 35 (B)
D. Section 36",B,Section 35(A) of the Civil Procedure Code (CPC) provides for the payment of compensatory costs.,Correct,
 Which word is inserted in Section 22 of the BSA that was not present in Section 24 of the Evidence Act?,"Options:
A. Inducement
B. Coercion
C. Threat
D. Promise",B,The word that is inserted in Section 22 of the Bharatiya Sakshya Adhiniyam (BSA) that was not present in Section 24 of the Evidence Act is Coercion.,Correct,
 Existence of course of business when relevant is discussed in __________.,"Options:
A. Section 12 of the BSA, 2023
B. Section 13 of the BSA, 2023
C. Section 14 of the BSA, 2023
D. Section 15 of the BSA, 2023",C,"Existence of course of business when relevant is discussed in Section 14 of the Bharatiya Sanhita Act, 2023.",Correct,
" In a criminal trial, Rajesh is accused of theft. During the investigation, the police recover a stolen laptop from a location known to be frequented by Rajesh. His fingerprints are found on the laptop. According to the Bharatiya Sakshya Adhiniyam, 2023, how should the court interpret this piece of evidence?","Options:
A. The recovered laptop and fingerprints are automatically considered conclusive proof of Rajesh's guilt.
B. The recovered laptop and fingerprints are circumstantial evidence that can be considered along with other evidence, but do not by themselves prove guilt beyond reasonable doubt.
C. The evidence is inadmissible because the police did not obtain a search warrant before recovering the laptop.
D. The fingerprints must be verified by at least two independent forensic experts before being presented in court.",B,"In a criminal trial, the interpretation of evidence, including recovered items and fingerprints, is guided by the principles laid out in the Bharatiya Sakshya Adhiniyam, 2023 (Indian Evidence Act, 2023). 

The recovered laptop and fingerprints found on it are considered circumstantial evidence. This means that while they can contribute to establishing a case against Rajesh, they do not automatically prove his guilt. The court will evaluate this evidence in conjunction with other evidence presented during the trial to determine whether it meets the standard of proof beyond a reasonable doubt.

Therefore, the correct option is:

**B. The recovered laptop and fingerprints are circumstantial evidence that can be considered along with other evidence, but do not by themselves prove guilt beyond reasonable doubt.**

Options A, C, and D do not accurately reflect the legal standards for evidence interpretation under the Indian Evidence Act, 2023.",Correct,
" Where a document is executed in several parts like printing, lithography or photography, video recording, computer resource as a electronic or digital records, the BSA 2023 classifies each part as a","Options:
A. Primary evidence
B. Secondary evidence
C. Circumstantial evidence
D. Scientific evidence",A,"Each part of a document executed in several parts, such as those created by printing, lithography, photography, video recording, or stored as electronic or digital records, is classified as Primary evidence under the Bharatiya Sakshya Adhiniyam, 2023 (BSA 2023).",Correct,
 Which section of BSA provides that no court shall require any communication between the Ministers and the President of India to be produced before it?,"Options:
A. 65
B. 165
C. 268
D. 168",B,The section of the Bharatiya Sakshya Adhiniyam (BSA) that provides that no court shall require any communication between the Ministers and the President of India to be produced before it is Clause 165.,Correct,
" According to Section 46 of Bharatiya Sakshya Adhiniyam, when character evidence is relevant in civil cases?","Options:
A. Always relevant to prove conduct
B. Only when related to other relevant fact
C. Never relevant
D. Only in criminal cases",B,"According to Section 46 of the Bharatiya Sakshya Adhiniyam (BSA), character evidence in civil cases is relevant only when it appears from facts that are otherwise relevant. Therefore, the correct answer is B. Only when related to other relevant fact",Correct,
" As per Section 78(2) of the BSA 2023, presumption about the officer signing or certifying a document is:","Options:
A. The officer's signature is assumed to be forgery
B. The officer did not hold the claimed officer character at the time of signing
C. The officer held the official character claimed when signing or certifying the document
D. The document's authenticity is independent of the official's official character",C,"As per Section 78(2) of the Bharatiya Sakshya Adhiniyam (BSA) 2023, the presumption is that the officer held the official character claimed when signing or certifying the document. Therefore, the correct answer is C. The officer held the official character claimed when signing or certifying the document.",Correct,
" Under Section 146 of the BSA 2023, when the leading questions are permissible in the court proceedings?","Options:
A. Leading questions are always allowed during examination- in chief without restriction.
B. Leading questions are not allowed during cross-examination
C. Leading questions can be asked in an examination-in chief, re-examination, cross-examination without any objection.
D. Leading questions are permitted during cross-examination and when matters are introductory, undisputed, or sufficiently proved.",D,"Leading questions are permitted during cross-examination and when matters are introductory, undisputed, or sufficiently proved. Therefore, the correct answer is D.",Correct,
 Which of the following is a characteristic of mediation?,"Options:
A. The mediator imposes a binding decision.
B. It involves a neutral third party who facilitates negotiation between the parties.
C. The mediator acts as a judge and renders a verdict.
D. It is always court-ordered.",B,"In the Indian legal context, mediation is characterized by the involvement of a neutral third party who facilitates negotiation between the parties. This process is governed by the Arbitration and Conciliation Act, 1996, which emphasizes the voluntary nature of mediation and the role of the mediator as a facilitator rather than a decision-maker.

The correct option is B: ""It involves a neutral third party who facilitates negotiation between the parties."" 

To elaborate, in mediation, the mediator does not impose a binding decision (which rules out option A) nor does the mediator act as a judge rendering a verdict (which rules out option C). Additionally, mediation is not always court-ordered; it can be initiated voluntarily by the parties involved (which rules out option D). Thus, option B accurately reflects the essence of mediation in India.",Correct,
" A dispute arises between ABC Ltd. and XYZ Pvt. Ltd. regarding a contract that both parties had entered into. The agreement includes an arbitration clause, which states that any disputes shall be referred to arbitration. However, the parties fail to agree on the appointment of an arbitrator. Which of the following provisions of the Arbitration and Conciliation Act, 1996 would be applicable to resolve the issue of the appointment of an arbitrator?","Options:
A. The court will appoint an arbitrator under Section 11 if the parties fail to agree on one.
B. The parties must mutually select an arbitrator, and if they fail, the arbitration will not take place.
C. The arbitrator must be appointed by the Indian Council of Arbitration (ICA) in all cases.
D. The parties can resolve the appointment issue by opting for conciliation instead of arbitration.",A,"The applicable provision of the Arbitration and Conciliation Act, 1996 for the situation where the parties fail to agree on the appointment of an arbitrator is:

A. The court will appoint an arbitrator under Section 11 if the parties fail to agree on one.

Section 11 of the Arbitration and Conciliation Act, 1996 provides that if the parties fail to appoint an arbitrator, either party may apply to the court to appoint an arbitrator.",Correct,
 Which of the following is not an advantage of using ADR?,"Options:
A. It is generally faster than litigation.
B. It offers more confidentiality than traditional court cases.
C. It always results in a binding decision.
D. It is often less expensive than court proceedings.",C,"The correct option that is not an advantage of using Alternative Dispute Resolution (ADR) in the Indian legal context is C. It always results in a binding decision.

While ADR methods such as arbitration and mediation can lead to binding decisions, this is not universally true for all forms of ADR. For instance, mediation typically results in a non-binding agreement unless the parties choose to enter into a binding contract afterward. Therefore, it cannot be said that ADR always results in a binding decision.

In contrast, the other options highlight genuine advantages of ADR:
A. It is generally faster than litigation - ADR processes are typically quicker than the lengthy court proceedings.
B. It offers more confidentiality than traditional court cases - ADR proceedings are private, whereas court cases are generally public.
D. It is often less expensive than court proceedings - ADR can reduce costs associated with lengthy litigation.

Thus, the correct answer is C.",Correct,
" Kiran and Meera are involved in an arbitration, where Kiran was awarded Rs. 10 lakhs as compensation. Meera refuses to pay the amount, arguing that the award was not enforceable because of certain procedural irregularities in the arbitration process. Kiran decides to approach the court to enforce the arbitral award. Which of the following provisions of the Arbitration and Conciliation Act, 1996 governs the enforcement of an arbitral award?","Options:
A. Section 34 of the Act deals with the enforcement of an arbitral award.
B. Section 36 of the Act allows for the automatic enforcement of an arbitral award unless set-aside by the court.
C. Section 9 of the Act governs the enforcement of arbitral awards.
D. Section 11 of the Act deals with the enforcement of arbitral awards, not the appeal.",B,"The enforcement of an arbitral award is primarily governed by Section 36 of the Arbitration and Conciliation Act, 1996, which allows for the automatic enforcement of an arbitral award unless it has been set aside by the court. Therefore, the correct answer is B. Section 36 of the Arbitration and Conciliation Act, 1996 allows for the automatic enforcement of an arbitral award unless set-aside by the court.",Correct,
" Aarti and Rajesh have been married for five years. Over time, Aarti has been subjected to continuous cruelty by Rajesh, which has led to emotional and mental distress. Aarti decides to file for divorce on the grounds of cruelty under Section 13(1)(ia) of the Hindu Marriage Act, 1955. Which of the following statements is true regarding the grounds for divorce under the Hindu Marriage Act?","Options:
A. Aarti can only seek divorce on the grounds of adultery.
B. Aarti can seek divorce on the grounds of cruelty, as long as she proves mental or physical cruelty.
C. Aarti cannot seek divorce on the grounds of cruelty as it is not recognized under the Hindu Marriage Act.
D. Aarti must prove Rajesh's cruelty was intentional to succeed in the divorce petition.",B,"Aarti can seek divorce on the grounds of cruelty, as long as she proves mental or physical cruelty. Therefore, the correct statement is B. Under Section 13(1)(ia) of the Hindu Marriage Act, 1955, cruelty is recognized as a valid ground for divorce, and it encompasses both mental and physical forms of cruelty.",Correct,
" Nisha and Aakash are separated, and they both seek custody of their minor child, Aarav. Nisha has been the primary caregiver, while Aakash claims that he can provide better financial stability for Aarav. They both approach the court under the Guardian and Wards Act, 1890. Which of the following factors will the court primarily consider in determining the custody of Aarav?","Options:
A. The financial stability of both parents.
B. The gender of the child.
C. The welfare and best interests of the child.
D. The parent who is financially more stable is granted custody automatically.",C,"In determining the custody of a minor child under the Guardian and Wards Act, 1890, the court primarily considers the welfare and best interests of the child. This principle is enshrined in Section 17 of the Act, which states that the court shall have regard to the welfare of the minor in making any order regarding custody.

The factors that the court will consider include:

1. The age and sex of the child.
2. The character and capacity of the parents.
3. The wishes of the child, if the child is of sufficient age and understanding.
4. The financial stability of the parents, but this is not the sole determining factor.
5. The emotional and psychological well-being of the child.

Among the options provided:

A. The financial stability of both parents - While this is a consideration, it is not the primary factor.
B. The gender of the child - This is not a primary consideration in custody decisions.
C. The welfare and best interests of the child - This is the correct option and the primary factor considered by the court.
D. The parent who is financially more stable is granted custody automatically - This is incorrect as financial stability alone does not guarantee custody.

Therefore, the correct option is C. The welfare and best interests of the child.",Correct,
" The remedy of restitution of conjugal rights is given in Section __________ of Hindu Marriage Act, 1955.","Options:
A. 13
B. 11
C. 6
D. 9",D,"The remedy of restitution of conjugal rights is given in Section 9 of the Hindu Marriage Act, 1955. This section allows either spouse to file a petition for restitution of conjugal rights if the other spouse has withdrawn from the society of the petitioner without reasonable excuse. If the court is satisfied that the other spouse has indeed withdrawn, it may order the spouse to resume cohabitation.",Correct,
" In which case a prison inmate sent a letter to the Supreme Court, describing physical torture, which became a pioneer in public interest litigation, though the court later abandoned the practice of considering letters?","Options:
A. Hussainara Khatoon vs. Bihar case
B. Sunil Batra vs. Delhi Administration
C. Mukti Morcha vs. Union of India
D. The Narasimha Rao case",B,"The case you are referring to is the ""Sunil Batra vs. Delhi Administration."" In this landmark case, a prison inmate sent a letter to the Supreme Court",Correct,
" Read the given statements and choose the correct option: Statement 1: In PIL cases, the Court plays a passive role similar to traditional cases. Statement 2: PIL is primarily focused on individual disputes.","Options:
A. Both statements are true.
B. Only Statement 1 is true.
C. Only Statement 2 is true.
D. Both statements are false.",D,"In the context of Public Interest Litigation (PIL) in India, the statements provided can be evaluated as follows:

**Statement 1: In PIL cases, the Court plays a passive role similar to traditional cases.**
This statement is false. In PIL cases, the Court often takes an active role in addressing issues of public interest, which is different from traditional cases where the Court typically acts in a more passive manner, responding to the disputes brought before it by the parties involved. The Supreme Court of India has emphasized that in PILs, the Court has a duty to ensure justice and can take proactive measures to protect the rights of the public.

**Statement 2: PIL is primarily focused on individual disputes.**
This statement is also false. PILs are not focused on individual disputes; rather, they are intended to address broader issues affecting the public or a group of people. The purpose of PIL is to promote justice and protect the rights of marginalized or disadvantaged groups, rather than resolving individual grievances.

Given this analysis, the correct option is:

**D. Both statements are false.**",Correct,
" Given below are two statements, one labelled as Assertion (A) and the other labelled as Reason (R). Assertion (A): The concept of ""locus standi"" is relaxed in PIL cases. Reason (R): PIL allows any public-spirited person to approach the court on behalf of those who cannot represent themselves. In the context of the above two statements, which one of the following is correct?","Options:
A. Both (A) and (R) are true, and (R) is the correct explanation of (A).
B. Both (A) and (R) are true, but (R) is not the correct explanation of (A).
C. (A) is true, but (R) is false.
D. (A) is false, and (R) is true.",A,"The correct answer is A. Both (A) and (R) are true, and (R) is the correct explanation of (A). 

In the context of Public Interest Litigation (PIL) in India, the concept of 'locus standi' is indeed relaxed, allowing any public-spirited individual to file a petition on behalf of those who are unable to represent themselves. This principle was established to ensure that justice is accessible to all, particularly marginalized and disadvantaged groups. The Supreme Court of India has recognized this in various judgments, emphasizing that the traditional requirement of 'locus standi' does not apply in the same manner in PIL cases, thereby facilitating broader access to justice.",Correct,
 Which of the following best defines delegated legislation?,"Options:
A. Legislation passed by local governments.
B. Laws enacted by Parliament or the Legislature.
C. Laws made by an administrative authority under powers given to them by Parliament.
D. A judicial decision made by an administrative tribunal.",C,"Delegated legislation in the Indian legal context refers to laws made by an administrative authority under powers given to them by Parliament. This is a process where the legislature delegates its law-making authority to a subordinate authority, allowing them to create detailed rules and regulations within the framework of the primary legislation.

The correct option that best defines delegated legislation is:

C. Laws made by an administrative authority under powers given to them by Parliament. 

This type of legislation is essential for the effective implementation of laws, as it allows for flexibility and the ability to address specific issues that may arise without the need for a new Act of Parliament.",Correct,
 Which of the following is/are not ground/s for judicial review of administrative action? (1) Illegality (3) Proportionality (4) Public opinion,"Options:
A. Only (2)
B. (2) and (4)
C. (1), (2) and (3)
D. Only (4)",D,"Proportionality is a principle that has been discussed in the context of judicial review, particularly in relation to the rights and freedoms of individuals, but it is not traditionally listed as a separate ground for judicial review in the same way as illegality or irrationality.Public opinion is not a recognized ground for judicial review of administrative actions. Based on this understanding, the correct answer to the query is D. Only (4).",Correct,
" What does ""conflict of interest"" refer to in professional ethics?","Options:
A. A situation involving legal disputes
B. A situation where two professionals disagree
C. A conflict between ethics and laws
D. A situation where personal interests conflict with professional duties",D,"'Conflict of interest' in professional ethics, particularly in the Indian legal context, refers to a situation where a legal professional's personal interests interfere with their professional duties. This can arise when a lawyer has a personal stake in a matter that could compromise their ability to represent a client impartially and effectively.

In India, the concept of conflict of interest is addressed in various statutes and ethical guidelines. The Bar Council of India Rules, particularly under the Advocates Act, 1961, emphasize the importance of maintaining integrity and avoiding situations where personal interests may conflict with professional responsibilities. Rule 47 of the Bar Council of India Rules states that an advocate should not act or plead in any matter in which they are personally interested.

Additionally, case law has also highlighted the implications of conflict of interest. For instance, in the case of *K.K. Verma v. Union of India*, the Supreme Court of India underscored the necessity for legal practitioners to avoid situations that could lead to a conflict between their personal interests and their duty to their clients.

Among the options provided, the correct answer is: D. A situation where personal interests conflict with professional duties.",Correct,
" Advocate Mr. X was representing a client, Mr. Y, in a property dispute case. During the proceedings, Advocate Mr. X accepted a bribe from the opposing party to delay the case, causing significant harm to Mr. Y's interests. Moreover, Mr. X failed to inform his client about critical hearing dates, leading to adverse judgments. On the basis of the above problem, select the correct option.","Options:
A. It is a violation of Rules made by the Bar Council of India for the professional ethics
B. It is only an offence under the Prevention of Corruption Act, 2018
C. It amounts to criminal conspiracy under the Bhartiya Nyaya Sanhita, 2023
D. It amounts to the Contempt of Court under the Contempt of Courts Act, 1971",A,"In the scenario described, Advocate Mr. X's actions can be analyzed under several legal frameworks:

A. It is a violation of Rules made by the Bar Council of India for professional ethics. - This is correct as accepting a bribe and failing to inform a client about critical hearing dates constitutes a breach of professional ethics as outlined in the Bar Council of India rules.

B. It is only an offence under the Prevention of Corruption Act, 2018. - While it is indeed an offence under the Prevention of Corruption Act, 2018, it is not limited to just this Act, as there are other implications as well.

C. It amounts to criminal conspiracy under the Bhartiya Nyaya Sanhita, 2023. - This could be applicable if it can be established that there was an agreement between Mr. X and the opposing party to commit the crime, thus constituting a conspiracy.

D. It amounts to the Contempt of Court under the Contempt of Courts Act, 1971. - This may also be applicable if Mr. X's actions are found to undermine the authority of the court or obstruct the administration of justice.

Therefore, the most comprehensive answer would be A, as it directly addresses the ethical violation, but B, C, and D also hold relevance depending on the specifics of the case.",Correct,
 The nature of proceedings in the cases of professional misconduct: (1) Criminal in nature (2) Neither civil nor criminal (3) Quasi-criminal in nature (4) Civil in nature,"Options:
A. Both (1) and (4)
B. Only (2)
C. Only (3)
D. (1), (3) and (4)",C,"In cases of professional misconduct, the nature of proceedings is generally considered to be quasi-criminal in nature. This means that while the proceedings may not be criminal in the strictest sense, they do carry serious implications and can involve penalties that resemble criminal sanctions. 

Professional misconduct typically involves a breach of professional standards and ethics, which can lead to disciplinary actions by professional bodies. These proceedings are not purely civil, as they often involve the potential for significant consequences, including suspension or revocation of professional licenses.

Therefore, the correct option among the provided choices is C. Only (3).",Correct,
" Section 43 of the Companies Act, 2013 provides for","Options:
A. Issue of Shares at Premium
B. Kinds of Shares Capital
C. Buy Back of Shares
D. Reduction in Share Capital",B,"Section 43 of the Companies Act, 2013 provides for Kinds of Share Capital. Therefore, the correct answer is B. Kinds of Shares Capital.",Correct,
" A manufacturing company in the city of Surat named as ""X"" has been discharging untreated industrial waste into a nearby river, violating the provisions of the Environment Protection Act, 1986 and the Water (Prevention and Control of Pollution) Act, 1974. This has resulted in severe pollution, making the river water unsafe for drinking and harming aquatic life. Local farmers and residents, who rely on the river for irrigation and daily needs, have started facing health issues and crop failures due to the contaminated water. Despite multiple complaints to the local pollution control board, no action has been taken against the company. Based on the above problem, select the correct answer.","Options:
A. It is the violation of Section 24 of the Water (Prevention and Control of Pollution) Act, 1974.
B. It is the violation of Section 40 of the Water (Prevention and Control of Pollution) Act, 1974.
C. It is not the violation of the provisions of the laws stated in the problem.
D. It is the violation of Section 23 of the Water (Prevention and Control of Pollution) Act, 1974.",A,"The Water (Prevention and Control of Pollution) Act, 1974 prohibits the discharge of any poisonous, noxious, or polluting matter into any stream or well. Specifically, Section 24 of the Act states that no person shall knowingly cause or permit any such matter to enter into any water body, which includes rivers.In the case of the manufacturing company 'X' discharging untreated industrial waste into the river, it is in direct violation of this provision. The Act also provides for penalties for such violations, which can include imprisonment and fines. If the local pollution control board has not taken action despite multiple complaints, affected parties may consider filing a complaint in court under Section 49 of the Act, which allows for legal action against offenders.  Therefore, the company 'X' is liable for violating the Water (Prevention and Control of Pollution) Act, 1974, and the local residents and farmers have grounds to seek legal recourse for the harm caused by the pollution.",Correct,
 Which of the following Acts is popularly known as Umbrella Legislation?,"Options:
A. The Water (Prevention and Control of Pollution) Act, 1974
B. The Air (Prevention and Control of Pollution) Act, 1981
C. The Factories Act, 1948
D. The Environment (Protection) Act, 1986",D,"The term ""Umbrella Legislation"" refers to a law that provides a framework for the regulation of a particular area, often encompassing various aspects and allowing for the creation of more specific regulations under its authority. In the context of environmental law in India, the Environment (Protection) Act, 1986 is commonly referred to as Umbrella Legislation. 

This Act serves as a comprehensive framework for the protection and improvement of the environment, allowing for the establishment of standards and regulations for various environmental aspects, including air and water quality, hazardous waste management, and more. 

Therefore, the correct option is D. The Environment (Protection) Act, 1986.",Correct,
" Which of the following is/are included under Section 2(1)(w) of the Information Technology Act, 2000 describing the Intermediary? (1) Cyber Cafes (2) Telecom Regulators (3) Social Media Platforms (4) Internet Service Providers","Options:
A. (1), (2) and (3)
B. (1), (3) and (4)
C. (1), (2) and (4)
D. (1), (2), (3) and (4)",B,"Section 2(1)(w) of the Information Technology Act, 2000 defines ""intermediary"" as any person who on behalf of another person receives, stores, or transmits any electronic record or provides any service with respect to that record. 

Based on this definition, the following can be classified as intermediaries:

1. **Cyber Cafes** - They provide access to the internet and can be considered intermediaries as they facilitate the transmission of electronic records.
2. **Telecom Regulators** - They do not fit the definition of intermediaries as they regulate telecommunications rather than providing services that involve receiving, storing, or transmitting electronic records.
3. **Social Media Platforms** - They qualify as intermediaries since they allow users to create, share, and exchange information and electronic records.
4. **Internet Service Providers (ISPs)** - They are also intermediaries as they provide the infrastructure for transmitting electronic records.

Thus, the correct options that fall under the definition of intermediaries in Section 2(1)(w) are (1) Cyber Cafes, (3) Social Media Platforms, and (4) Internet Service Providers.

The correct answer is **B. (1), (3) and (4)**.",Correct,
" XYZ Textiles Ltd., a manufacturing company, recently terminated 04 workers without providing any compensation. The termination was because of the misconduct on the part of the workers. The company issued a show cause notice and the disciplinary enquiry was also conducted against them. On the basis of the recommendations of the committee the services of these employees were terminated. The workers claimed the retrenchment compensation which was rejected by the management. Aggrieved by the rejection the workers have filed a complaint in the Labour Court under the provisions of the Industrial Disputes Act, 1947. Based on the above problem, select the correct answer.","Options:
A. The termination does not amount to retrenchment, hence no compensation.
B. The termination amounts to lay-off, hence compensation will be awarded.
C. The termination amounts to retrenchment, hence compensation will be awarded.
D. The termination violated the provisions under the Industrial Disputes Act, 1947, hence the compensation will be awarded.",A,"In the scenario where XYZ Textiles Ltd. terminated 04 workers without compensation due to misconduct, the correct option is A. The termination does not amount to retrenchment, hence no compensation.

Under the Industrial Disputes Act, 1947, ""retrenchment"" refers to the termination of service of a worker for any reason other than disciplinary action. Since the workers were terminated due to misconduct, this does not qualify as retrenchment. Therefore, the provisions for compensation under Section 25F of the Act, which apply to retrenchment, would not be applicable in this case.

Additionally, case law supports this interpretation. In the case of ""Bharat Heavy Electricals Ltd. v. State of U.P."", the Supreme Court held that termination due to misconduct does not constitute retrenchment and thus does not entitle the worker to compensation.

Options B, C, and D are incorrect as they misinterpret the nature of the termination and the applicable provisions of the Industrial Disputes Act, 1947.",Correct,
" Ms J, a banker refuses to honour cheque of Ms F. Though she was having sufficient balance yet it doesn't suffer any loss to Ms F. Ms F can file the case under which scenario?","Options:
A. Volenti-non-fit-injuria
B. Injuria-sine-damnum
C. Damnum-sine-injuria
D. Res-ipsa- loquitur",B,"Ms. F can file a case under the legal principle of ""Injuria-sine-damnum."" This principle applies when a legal right is violated, even if no actual damage or loss has occurred. In this scenario, Ms. J's refusal to honor the cheque constitutes a violation of Ms. F's right to have her cheque honored, despite the absence of any financial loss. 

The principle of ""Injuria-sine-damnum"" is well established in Indian law, as seen in the case of *Ashby v. White*, where it was held that a person can sue for a violation of their rights even if they have not suffered any actual damage. Therefore, Ms. F has grounds to file a case against Ms. J based on this principle.",Correct,
" Mr B told Mr A to leave the premises in occupation of Mr A. When Mr A refused then Mr B collected some of his workmen who mustered round Mr A. They tucking up their sleeves and aprons and threatened to break the plaintiff's neck, he did not leave. Under which tortious act, Mr A can file the case?","Options:
A. False Imprisonment
B. Assault
C. Battery
D. Hurt",B,"Mr. A can file a case against Mr. B for threatening behavior under the tort of Assault. Assault is defined as an act that creates an apprehension in another of an imminent, harmful, or offensive contact. The key element here is the threat of harm, which can be sufficient for an assault claim even if no physical contact occurs.

False Imprisonment involves the unlawful restraint of a person against their will, which does not apply in this scenario. Battery requires actual physical contact, which is not the case with mere threats. Hurt refers to physical injury, which again does not apply to threatening behavior.

Therefore, the most appropriate tortious act for Mr. A to file a case against Mr. B for threatening behavior is Assault.",Correct,
" Ms J knowing while taking the lift that driver Mr T was under the influence of alcohol. Consequently, car met with an accident and Ms J got injuries and she has filed the case for compensation. Which defence could be claimed by Mr T?","Options:
A. Volenti-non-fit-injuria
B. Act of God
C. Inevitable Accident
D. Act of Necessity",A,"In the scenario where Ms. J was aware that driver Mr. T was under the influence of alcohol while taking the lift, the most applicable defense that Mr. T could claim is A. Volenti non fit injuria. This legal principle means that a person who voluntarily puts themselves in a position where harm might result cannot claim compensation for that harm. Since Ms. J was aware of Mr. T's condition, it could be argued that she consented to the risk involved in taking the lift with him.

The other options are less applicable in this context:
- B. Act of God typically refers to natural events that are not caused by human actions.
- C. Inevitable Accident refers to situations where an accident occurs without negligence or fault from either party.
- D. Act of Necessity involves actions taken to prevent greater harm, which does not apply here.

Therefore, Mr. T could potentially use the defense of volenti non fit injuria in this case.",Correct,
 Mr K is owner of a building containing a large number of rooms and had derived a considerable income by letting them. Mr Y is owner of an adjacent cotton mill which erected after the occupation by Mr K. Owing to noise and smoke of the mill several rooms remain vacated that results into loss for Mr K. Examine relevant tort for the case.,"Options:
A. Damnum-sine-injuria
B. Trespass to land
C. Nuisance
D. Negligence",C,"In this scenario, the relevant tort to examine is C. Nuisance. 

Nuisance is a tort that involves the interference with a person's enjoyment and use of their property. In this case, Mr. K is experiencing a loss of income due to the noise and smoke from Mr. Y's cotton mill, which is affecting the occupancy of his rooms. The fact that the mill was erected after Mr. K's occupation of the building suggests that Mr. Y's activities are causing a substantial interference with Mr. K's use and enjoyment of his property.

The principle of nuisance is well established in Indian tort law, where a property owner has the right to enjoy their property without unreasonable interference from neighboring activities. If the noise and smoke from the mill are deemed to be unreasonable and causing harm to Mr. K's business, he may have a valid claim for nuisance against Mr. Y.

Options A (Damnum-sine-injuria) and D (Negligence) do not apply here as they do not directly address the interference with the use and enjoyment of property. Option B (Trespass to land) is also not applicable since there is no indication that Mr. Y has physically entered Mr. K's property.

Therefore, the most appropriate tort in this case is C. Nuisance.",Correct,
" The term ""Income"" is described in the Income Tax Act, 1961 under","Options:
A. Section 2 (24)
B. Section 2 (40)
C. Section 3
D. Section 10E",A,"The term 'Income' is described in the Income Tax Act, 1961 under Section 2 (24).",Correct,
" Mr. X deposits ₹ 65,000 in the term deposit of 5 years with the Post Office to avail tax deduction under section 80C. Assuming Mr. X does not opt for concessional tax regime u/s 115BAC of the Income Tax Act, 1961. On the basis of the above problem, select the correct option.","Options:
A. Mr. X is guilty of tax evasion/tax avoidance.
B. Mr. X is not guilty of either tax evasion/tax avoidance.
C. No tax deduction can be availed under Section 80 C.
D. It is an unlawful act to treat a personal expenditure.",B,"Mr. X is not guilty of either tax evasion/tax avoidance. By depositing ₹ 65,000 in a term deposit with the Post Office, he is availing himself of the tax deduction under Section 80C of the Income Tax Act, 1961, which is a legal provision. Therefore, the correct option is B.",Correct,
" Read the given statements and choose the correct option: Statement 1: Agricultural income is exempt from tax under Section 10(1) of Income Tax Act, 1961. Statement 2: Tax on Non-Agricultural in case of Non-Agricultural Income exceeds Basic Exemption limit and Agricultural Income exceeds ₹ 5000/- is determined by Scheme of Partial Integration of Non-Agricultural Income with Agricultural Income.","Options:
A. Both the Statements are incorrect.
B. Only Statement 1 is true.
C. Only Statement 2 is true.
D. Both the Statements are correct.",D,"Statement 1 is correct. Agricultural income is indeed exempt from tax under Section 10(1) of the Income Tax Act, 1961. This section specifically states that any income derived from agricultural activities is not subject to income tax.

Statement 2 is also correct. The tax on non-agricultural income is determined by the Scheme of Partial Integration when the non-agricultural income exceeds the basic exemption limit and the agricultural income exceeds ₹ 5,000. This means that the agricultural income is considered while calculating the tax on non-agricultural income, but only under the specified conditions.

Therefore, the correct option is D. Both the Statements are correct.",Correct,
 Rent-Free Accommodation provided by an employer to employee is,"Options:
A. Perquisite as per Section 17(2) of the Income Tax Act
B. Perquisite as per Section 16(2) of the Income Tax Act
C. Allowance under Section 10(13A) of the Income Tax Act
D. Allowance under Section 10(1) of the Income Tax Act",A,"Rent-Free Accommodation provided by an employer to an employee is considered a perquisite as per Section 17(2) of the Income Tax Act, 1961. This section defines perquisites to include any benefit or amenity provided by the employer to the employee, which includes accommodation. 

Section 16(2) pertains to deductions available to the taxpayer and does not classify rent-free accommodation as a perquisite. 

Section 10(13A) relates to house rent allowance, which is not applicable in the case of rent-free accommodation. 

Section 10(1) provides for exemptions on certain incomes, but it does not specifically address the treatment of rent-free accommodation as a perquisite. 

Therefore, the correct classification for rent-free accommodation is as a perquisite under Section 17(2) of the Income Tax Act, 1961.",Correct,
 An agreement not enforceable by law is stated to be void under,"Options:
A. Section 2(d)
B. Section 2(e)
C. Section 2(f)
D. Section 2(g)",D,"An agreement not enforceable by law is stated to be void under Section 2(g) of the Indian Contract Act, 1872.",Correct,
" A transfers a piece of land to B on the condition that B shall not transfer the land to anyone else for the next 10 years. In this case, B has no right to transfer the land to someone else for the next 10 years. On the basis of the above problem, select the correct option.","Options:
A. It amounts to Conditional Transfer of Property.
B. It amounts to Conditional Limitations on Transfer of Property.
C. It amounts to Subsequent Transfer of Property.
D. It amounts to conditions precedent in the Transfer of Property.",B,"The scenario described involves a transfer of property with a condition that restricts the transferee (B) from transferring the property to anyone else for a specified period (10 years). According to the Transfer of Property Act, 1882, this situation can be classified as a ""Conditional Limitation on Transfer of Property.""

Under Section 10 of the Transfer of Property Act, a transfer can be made subject to a condition that it shall not be transferred for a certain period. This means that B's right to transfer the property is limited for the duration of the condition. Therefore, the correct option is:

B. It amounts to Conditional Limitations on Transfer of Property.",Correct,
" Mr. Rajesh issued a cheque of ₹ 50000 to his supplier Mr. Sharma for the payment of goods purchased. When Mr. Sharma deposited the cheque it was returned by the bank with the remark ""Insufficient Funds"". On the basis of the above problem, select the correct option.","Options:
A. A complaint in writing is to be made by Mr. Sharma in the court within three months for the dishonour of the cheque.
B. A complaint in writing is to be made by Mr. Sharma in the court within one month for the dishonour of the cheque.
C. A complaint in writing is to be made by Mr. Sharma in the court within five months for the dishonour of the cheque.
D. A complaint in writing is to be made by Mr. Sharma in the court within two months for the dishonour of the cheque.",B,"Mr. Sharma must file a complaint in writing in the court for the dishonour of the cheque within one month from the date of receiving the information from the bank regarding the cheque's dishonour. Therefore, the correct option is B. within one month.",Correct,
" Section 31 of the Specific Relief Act, 1963 is related to","Options:
A. Rescission of contracts
B. Cancellation of instruments
C. Declaratory decrees
D. Perpetual injunction",B,"Section 31 of the Specific Relief Act, 1963 relates to the ""Cancellation of instruments."" Therefore, the correct answer is B. Cancellation of instruments.",Correct,
" Which section of Law of Contract defines, ""A proposal may be revoked at any time before the communication of its acceptance is complete as against the proposer, but not afterwards""?","Options:
A. Section 5
B. Section 4
C. Section 6
D. Section 7",A,"The section of the Indian Contract Act, 1872 that defines, ""A proposal may be revoked at any time before the communication of its acceptance is complete as against the proposer, but not afterwards"" is Section 5.",Correct,
" According to the Land Acquisition Act (Land Acquisition, Rehabilitation and Resettlement), 2013, governments can acquire land for: (i) Strategic purpose. (ii) Projects for Families Affected by Projects. (iii) For public-private partnership projects, where government ownership of land will remain with the government.","Options:
A. (i) & (ii)
B. (ii) & (iii)
C. (i) & (iii)
D. (i), (ii) & (iii)",D,"According to the Right to Fair Compensation and Transparency in Land Acquisition, Rehabilitation, and Resettlement Act, 2013, the government can acquire land for various purposes, including strategic purposes, projects for families affected by projects, and public-private partnership projects where government ownership of land will remain with the government. Therefore, the correct option is D. (i), (ii) & (iii).",Correct,
" Land Acquisition Act, 2013 in India has replaced which earlier legislation?","Options:
A. Land Acquisition Act, 1956
B. Land Acquisition Act, 1862
C. Land Acquisition Act, 1894
D. Land Acquisition Act, 1874",C,"The Right to Fair Compensation and Transparency in Land Acquisition, Rehabilitation, and Resettlement Act, 2013 has replaced the Land Acquisition Act, 1894. Therefore, the correct answer is C. Land Acquisition Act, 1894.",Correct,
" Soham, an independent software developer, created a mobile app called ""FitLife"" that provides personalized fitness plans. He registered the app's name and logo under trademark law and copyrighted the app's source code. However, six months after its launch, Soham discovered a competing app called ""FitLyfe"", with a similar logo and features, being marketed by a large tech company. Soham believes the competing app copied elements of his source code and intentionally used a confusingly similar name and logo to mislead customers. On the basis of the above problem, select the correct option. Under trademark law, can Soham claim infringement for the use of a similar name and logo by the competing app?","Options:
A. Yes, if he can prove that the names are confusingly similar.
B. No, because the competing app has a different name and logo.
C. Yes, but only if the competitor is a small business.
D. No, trademark infringement can only occur if there is identical copying.",A,"Soham can claim infringement under trademark law if he can prove that the names and logos are confusingly similar. The key aspect of trademark infringement is the likelihood of confusion among consumers regarding the source of the goods or services. In India, the Trade Marks Act, 1999, provides the legal framework for the registration and protection of trademarks. 

To establish infringement, Soham would need to demonstrate that the use of the name 'FitLyfe' and its logo is likely to cause confusion with his trademark. Factors that are considered include the similarity of the marks, the nature of the goods or services, and the channels of trade. 

Therefore, the correct option is: A. Yes, if he can prove that the names are confusingly similar.",Correct,
 What is the duration of copyright protection for literary works in India?,"Options:
A. 50 years from the creation of the work
B. 60 years from the date of publication
C. Lifetime of the author plus 60 years
D. 10 years from the date of first sale",C,"In India, the duration of copyright protection for literary works is governed by the Copyright Act, 1957. According to Section 22 of the Act, the copyright in a literary work lasts for the lifetime of the author plus 60 years after the author's death. 

Therefore, the correct option is C: Lifetime of the author plus 60 years.",Correct,
 In which case did the Supreme Court of India held that fundamental rights cannot be waived?,"Options:
A. Gopala vs. State of Madras
B. Kameshwar Singh vs. State of Bihar
C. Golaknath vs. State of Punjab
D. Bashehar Nath vs. I.T. Commissioner",D,The Supreme Court of India held that fundamental rights cannot be waived in the case of Golaknath vs. State of Punjab.,Incorrect,
 By which Constitutional Amendment was clause (4B) inserted into Article 16?,"Options:
A. 81
B. 91
C. 77
D. 85",A,Clause (4B) was inserted into Article 16 by the 85th Constitutional Amendment.,Incorrect,
 Which of the following statement is correct about 106th Constitutional Amendment Act? (i) It introduces Article 239A by which seats are reserved for women in legislative assembly of the national capital territory of Delhi. (ii) It introduces Article 338 providing for the reservation of seats for women in the house of people. (iii) It also adds Article 334A which states in that the said amendment will commence after the first census have been taken after the commencement of the said Act. (iv) The above stated shall cease to have effect on the expiration of a period of 15 years from search commencement.,"Options:
A. (i), (ii) & (iii)
B. (i), (iii) & (iv)
C. (ii), (iii) & (iv)
D. All of these",,"The Water (Prevention and Control of Pollution) Act, 1974 prohibits the discharge of untreated industrial waste into water bodies, as it leads to pollution and poses a threat to public health and the environment. Specifically, Section 24 of the Act states that no person shall knowingly cause or permit any poisonous, noxious, or polluting matter to enter any stream or well. In the scenario described, the manufacturing company 'X' is in violation of this provision by discharging untreated industrial waste into the river, which has resulted in severe pollution and health issues for local residents and farmers. The local pollution control board has the authority to take action against such violations, and failure to do so may also constitute a breach of their duties under the Act. Therefore, the correct answer regarding the violation of the Water (Prevention and Control of Pollution) Act, 1974 is that the company is indeed violating the Act by discharging untreated waste, and the local pollution control board is obligated to take action to address this violation.",Incorrect,Withdrawn
" The Parliament enacts the ""Fair Housing Act, 2024"", which includes the following provisions: (1) Section 3: Prohibits discrimination in renting or selling houses based on religion, caste, or gender. (2) Section 6: Imposes a penalty of ₹ 10,000 for discrimination. (3) Section 10: Makes it mandatory for landlords to disclose the religious background of all tenants in the previous 10 years. A citizen challenges Section 10, arguing that it violates the right to privacy under Article 21 of the Indian Constitution. The Supreme Court declares Section 10 unconstitutional but upholds the other provisions of the law. What principle did the court apply in this decision?","Options:
A. Doctrine of Eclipse
B. Doctrine of Severability
C. Doctrine of Basic Structure
D. Doctrine of Colourable Legislation",,I can only help to answer questions about India. Can you please rephrase your question?,Incorrect,Withdrawn
" According to the provisions of the Bhartiya Nyaya Sanhita, 2023, the right of private defense of property extends to the voluntary causing of death or of any other harm to the wrong-doer in which of the offences committed or attempting to be committed? (1) Robbery (2) House-breaking after sunset (3) Theft, mischief or house trespass","Options:
A. (1) only
B. (1) and (2) both
C. (1) and (3) both
D. (1), (2) and (3)",C,"The right of private defense of property extends to the voluntary causing of death or of any other harm to the wrong-doer in the following offences:Robbery House-breaking after sunset Theft, mischief, or house trespass, under circumstances that may reasonably cause apprehension that death or grievous hurt will be the consequence if such right of private defense is not exercised. Therefore, the correct answer is D. (1), (2), and (3).",Incorrect,
" Amit and Rani decide to break into a house at night with the intent of stealing valuables. They use a crowbar to force open the door, but before they can take anything, the owner of the house, Vikram, unexpectedly arrives home. Amit and Rani panic and run away without stealing anything. The police arrest them the following morning based on a complaint from Vikram. Which of the following offenses under the BNS have Amit and Rani committed?","Options:
A. Attempt to commit theft
B. House trespass with intent to commit theft
C. Attempt to commit robbery
D. Burglary",B,"Amit and Rani have committed the following offenses under the Bhartiya Nyay Sanhita (BNS):

A. Attempt to commit theft - They had the intent to steal valuables, which constitutes an attempt.

B. House trespass with intent to commit theft - They unlawfully entered the house with the intent to commit theft.

D. Burglary - They used a crowbar to force open the door, which indicates they entered the property with the intent to commit an offense therein.

C. Attempt to commit robbery does not apply here as there was no use of force or threat against a person to take property.

Therefore, the correct offenses committed by Amit and Rani are A, B, and D.",Incorrect,
 A new offense of 'Snatching' has been introduced by the BNS. Which section of the BNS defines 'Snatching' as an offense?,"Options:
A. 308
B. 303
C. 305
D. 304",D,"The offense of 'Snatching' is defined in Section 302 of the Bharatiya Nyaya Sanhita (BNS), 2023. Therefore, none of the options provided (A. 308, B. 303, C. 305, D. 304) are correct.",Incorrect,
 Which section of BNSS facilitates trials and proceedings to be held in electronic mode?,"Options:
A. 532
B. 330
C. 430
D. 530",D,The section of the Bharatiya Nagarik Suraksha Sanhita (BNSS) that facilitates trials and proceedings to be held in electronic mode is Section 532.,Incorrect,
" Which section of BNSS repeals the Code of Criminal Procedure, 1973?","Options:
A. 531
B. 101
C. 2
D. 1",A,"The section of the Bharatiya Nagarik Suraksha Sanhita (BNSS) that repeals the Code of Criminal Procedure, 1973 is Section 533.",Incorrect,
 Which section mandates State Government prepare and notify a witness protection scheme for the state with a view to ensure the protection of witnesses?,"Options:
A. 98
B. 198
C. 298
D. 398",,"The section of the Bharatiya Nagarik Suraksha Sanhita (BNSS) that mandates the State Government to prepare and notify a witness protection scheme for the state with a view to ensure the protection of witnesses is Section 398. Therefore, the correct answer is D. 398.",Incorrect,Withdrawn
" Under the CPC, what is the maximum time limit for filing a written statement in a suit?","Options:
A. 30 Days
B. 60 Days
C. 120 Days
D. 90 Days",D,"Under the Civil Procedure Code (CPC) of India, the maximum time limit for filing a written statement in a suit is 30 days from the date of service of summons. However, the court may extend this period by a further 90 days, making the total possible time limit for filing a written statement up to 120 days, provided that the defendant shows sufficient cause for the delay.

This is outlined in Order VIII, Rule 1 of the CPC, which states that the written statement must be filed within 30 days, and the extension can be granted at the discretion of the court. 

Therefore, the correct option regarding the maximum time limit for filing a written statement in a suit under the CPC is 120 days, subject to the court's discretion.",Incorrect,
 Which section of the CPC provides exemption of the President of India and the Governors of states from personal appearance in court?,"Options:
A. Section 132
B. Section 133
C. Section 128
D. Section 130",B,The section of the Criminal Procedure Code (CrPC) that provides exemption of the President of India and the Governors of states from personal appearance in court is Section 130.,Incorrect,
 What is the term used for a court's power to transfer a case from one court to another under the Code of Civil Procedure?,"Options:
A. Res Judicata
B. Reference
C. Review
D. Transfer of suits",D,"The term used for a court's power to transfer a case from one court to another under the Code of Civil Procedure (CPC) is ""Transfer of Cases."" This power is primarily governed by Section 24 of the CPC, which allows the High Court or any other court to transfer any suit, appeal, or other proceeding from one court to another court of equal jurisdiction.

Section 24 states that the High Court may, at any stage, transfer any suit, appeal, or other proceeding pending before it or any subordinate court to any other court of equal or superior jurisdiction. This provision is aimed at ensuring that cases are heard in the most appropriate forum and to prevent any undue hardship to the parties involved.

In summary, the correct term for this power is ""Transfer of Cases,"" as outlined in Section 24 of the Code of Civil Procedure.",Incorrect,
" Which sections discusses with regard to ""sapinda relationships"" under the Hindu Marriage Act 1955?","Options:
A. Sections 3(f) (i), 5(v)
B. Sections 3(f) (i), 5(iv)
C. Sections 3(f) (i) & (ii), Explanation to section 3 (g), 5(iv)
D. Sections 3(f) (i) & (ii), Explanation to section 3 (g), 5(v)",D,"The concept of 'sapinda relationships' under the Hindu Marriage Act, 1955 is primarily discussed in the following sections:

1. **Section 3(f)** defines 'sapinda' as a person who is related to another in a certain degree of lineal descent.
2. **Section 5** outlines the conditions for a valid Hindu marriage, which includes the prohibition of marriages between sapindas.

Specifically:
- **Section 3(f)(i)** refers to the relationship up to the fifth degree of lineal descent.
- **Section 3(f)(ii)** extends this definition to include relationships through the mother.
- **Explanation to Section 3(g)** provides further clarification on the degrees of relationship.
- **Section 5(iv)** prohibits marriages between sapindas.

Given the options:
- A. Sections 3(f)(i), 5(v)
- B. Sections 3(f)(i), 5(iv)
- C. Sections 3(f)(i) & (ii), Explanation to section 3(g), 5(iv)
- D. Sections 3(f)(i) & (ii), Explanation to section 3(g), 5(v)

The correct option that comprehensively covers the discussion of 'sapinda relationships' is **C. Sections 3(f)(i) & (ii), Explanation to section 3(g), 5(iv)**. This option includes both definitions of sapinda relationships and the relevant prohibitions under the Act.",Incorrect,
" Under Section 15 of Hindu Marriage Act, 1955 the divorced person, to marry again __________","Options:
A. have to wait for a period of one year from the date of the decree.
B. have to wait for a period of six month from the date of the decree.
C. may marry immediately thereafter without the leave of the court as a matter of right.
D. None of these",,"Under Section 15 of the Hindu Marriage Act, 1955, a divorced person may marry again without any waiting period. The section states that a divorced person can remarry immediately after the decree of divorce is granted, without needing the leave of the court. Therefore, the correct option is:

C. may marry immediately thereafter without the leave of the court as a matter of right.",Incorrect,Withdrawn
" On matters where Dayabhaga is silent, what prevails?","Options:
A. The local customs
B. The Smritis
C. The Shrutis
D. Mitakshara",D,"On matters where Dayabhaga is silent, the prevailing authority is typically the local customs. This is because local customs can fill the gaps where specific texts like Dayabhaga do not provide guidance. Therefore, the correct answer is A. The local customs.",Incorrect,
" Match the following: a. Spoken words, b. Deepika vs. CAT, c. Silence, d. Ass Kaur vs. Kartar Singh, e. Shayara Bano vs. UOI","Options:
A. a-i, b-ii, c-iii, d-iv, e-vi
B. a-i, b-ii, c-iii, d-iv, e-v
C. a-i, b-iv, c-iii, d-ii, e-v
D. a-i, b-iv, c-iii, d-ii, e-vi",C,"Sorry, I dont know. Can you please rephrase your question?",Incorrect,
" Fatima, a Muslim woman, has been divorced by her husband, Imran, through Talaq. Fatima is now seeking maintenance from Imran for herself and her two minor children. Imran argues that Fatima has remarried and, therefore, is not entitled to any maintenance. Under Muslim law, which of the following statements is true regarding Fatima's claim for maintenance?","Options:
A. Fatima is not entitled to maintenance because she has remarried.
B. Fatima is entitled to maintenance only for a period of three months after the divorce.
C. Fatima is entitled to maintenance for herself during her iddat period and for her children until they are self-supporting.
D. Fatima can claim maintenance for herself and her children indefinitely, irrespective of her remarriage or the children's age.",,"Under Muslim law, the correct statement regarding Fatima's claim for maintenance after being divorced by her husband Imran through Talaq is:

C. Fatima is entitled to maintenance for herself during her iddat period and for her children until they are self-supporting.

According to Islamic jurisprudence, a divorced woman is entitled to maintenance during her iddat period, which is typically three menstrual cycles or three months, depending on her circumstances. Additionally, she is entitled to maintenance for her children until they reach the age of self-support. This principle is supported by various interpretations of Islamic law and case laws that affirm the rights of women and children in such situations.",Incorrect,Withdrawn
" In the early 1980s, a social activist group discovered severe exploitation of labourers working in stone quarries near Delhi. The workers, including many children, were working in extremely hazardous conditions, living in makeshift shelters, and were effectively trapped in a cycle of debt and forced labour. The conditions revealed systematic violations of fundamental human rights. The Supreme Court was approached to look into the dire circumstances of the working persons there and one of the following views of the Court was sustained in the said case, identify from the following-","Options:
A. The Court established that the right to free legal aid is a mere directive principle and cannot be enforced as a fundamental right.
B. The judgment primarily focused on providing monetary compensation to the affected labourers without addressing systemic issues of bonded labour.
C. The Supreme Court recognized the right against forced labour as a fundamental right derived from the right to life and human dignity under Article 21.
D. The Court ruled that only government agencies, and not social activists, could file petitions concerning labour rights.",C,"Sorry, I dont know. Can you please rephrase your question?",Incorrect,
" In 2020 at Dhorodo village the Panchayat elections could not happen due to Covid pandemic while the tenure of the Panchayat was getting over that year itself. Mr. Haribansh, represented the people that year at the Panchayat post dissolution of the Panchayat tenure and made a law exercising the delegated power vide the Panchayatiraj Act of the state to restrict their economic activities per day to ₹ 100 only. In which of the following case this is allowed or restricted?","Options:
A. MCD vs. Birla Cotton Mills
B. Patna University vs. Amita Tiwari
C. Jalan Trading vs. Union of India
D. None of these",A,"The situation described involves the exercise of delegated powers under the Panchayati Raj Act and the legality of restricting economic activities. 

In the case of **MCD vs. Birla Cotton Mills**, the Supreme Court held that a regulation must not be arbitrary and should have a reasonable nexus to the objective sought to be achieved. If Mr. Haribansh's law restricting economic activities to ₹ 100 per day is arbitrary or does not serve a legitimate purpose, it could be challenged.

In **Patna University vs. Amita Tiwari**, the court emphasized that any restriction imposed must be reasonable and not infringe upon the fundamental rights of individuals. If the restriction on economic activities is deemed unreasonable, it may be struck down.

**Jalan Trading vs. Union of India** dealt with the issue of legislative competence and the validity of restrictions imposed by law. If the law made by Mr. Haribansh exceeds the powers conferred by the Panchayati Raj Act or is inconsistent with the Constitution, it could be invalidated.

Therefore, the legality of Mr. Haribansh's law would depend on whether it is reasonable, serves a legitimate purpose, and falls within the powers granted by the Panchayati Raj Act. If it fails these tests, it could be restricted or invalidated based on the principles established in these cases.",Incorrect,
" Appropriate procedural safeguards help reduce threats to objectivity and counter any perception of possible bias, which of the following is/are not procedural safeguard/s? (1) Act in a fraudulent manner (2) Providing peer-review of valuation, if necessary (3) Non-Disclosure of any prior association with the client (4) Non-Disclosure of any possible source of conflict of interest","Options:
A. (3) and (4)
B. Only (2)
C. Only (4)
D. (2) and (4)",,"Sorry, I dont know. Can you please rephrase your question?",Incorrect,Withdrawn
 As per Section 2(84) Share means share in the share capital of a Company and includes (1) Debentures (2) Preference Shares (3) Stocks (4) Bonds,"Options:
A. (1) and (2)
B. (1), (2) and (3)
C. Only (3)
D. (1), (2), (3) and (4)",C,"The correct option is D. (1), (2), (3), and (4). According to Section 2(84) of the Companies Act, 2013, a share means a share in the share capital of a company and includes debentures, preference shares, stocks, and bonds.",Incorrect,
" Malti, a small business owner, runs an online clothing store. Recently, she noticed that her website had been hacked, and her customers' personal information, including names, addresses, and payment details, was stolen. Shortly after, some of her customers reported unauthorized transactions on their accounts. Malti wishes to file a complaint against the incident. On the basis of the above problem select the correct option.","Options:
A. It is punishable under Section 66 of the Information Technology Act, 2000.
B. It is punishable only under the criminal laws.
C. It is punishable under Section 66 of the Information Technology Act, 2000 and the customers can also claim the compensation under certain circumstances.
D. The customers do not have any legal remedy under the Information Technology Act, 2000.",A,"The correct option is C. It is punishable under Section 66 of the Information Technology Act, 2000, and the customers can also claim compensation under certain circumstances. Section 66 addresses hacking and unauthorized access to computer systems, and victims may seek compensation for damages resulting from such breaches.",Incorrect,
" Which of the following is/are included under the definition of employer given under The Industrial Relations Code, 2020? (1) Occupier of the factory (2) Contractor (3) Manager of the factory (4) Managing director of the factory","Options:
A. (4) Only
B. (1), (3) and (4)
C. (1), (2) and (4)
D. (1), (2) and (3)",D,"Under The Industrial Relations Code, 2020, the definition of employer includes:The occupier of the factory. The contractor The manager of the factory The managing director of the factory. Therefore, all the options listed (1, 2, 3, and 4) are included under the definition of employer as per the provisions of the Code.",Incorrect,
" Which of the following legislations has been included under the Social Security Code, 2020? (1) The Maternity Benefit Act, 1961 (2) The Payment of Gratuity Act, 1972 (3) The Payment of Bonus Act, 1965 (4) The Employment Exchanges (Compulsory Notification of Vacancies) Act, 1959","Options:
A. Only (3)
B. (3) and (4)
C. (1), (2) and (4)
D. (1), (2), (3) and (4)",C,"The Social Security Code, 2020 consolidates and amends various laws related to social security in India. Among the legislations included under the Social Security Code, 2020 are:

1. The Maternity Benefit Act, 1961
2. The Payment of Gratuity Act, 1972
3. The Payment of Bonus Act, 1965

However, the Employment Exchanges (Compulsory Notification of Vacancies) Act, 1959 is not included under the Social Security Code, 2020.

Therefore, the correct options that have been included under the Social Security Code, 2020 are (1), (2), and (3).",Incorrect,
" __________ have not been set up under the provisions of the Industrial Disputes Act, 1947 for adjudication of industrial disputes in an organization.","Options:
A. Industrial Tribunals
B. Labour Courts
C. National Tribunal
D. Environmental Tribunals",B,"Environmental Tribunals have not been set up under the provisions of the Industrial Disputes Act, 1947 for adjudication of industrial disputes in an organization. The bodies established under this Act for such adjudication include Industrial Tribunals, Labour Courts, and National Tribunals.",Incorrect,
" There was a collision between two buses, one owned by the government and another was a private bus. Wherein private bus was coming from wrong side and government bus was coming rashly, neither slowing down his bus after seeing the other bus. Determine the tortious act.","Options:
A. Private bus owner is negligent
B. Government bus owner is negligent.
C. Inevitable accident.
D. Contributory negligence.",D,"In the scenario described, the determination of the tortious act would involve analyzing the negligence of both parties involved in the collision. 

1. **Negligence of the Private Bus Owner**: The private bus was coming from the wrong side, which indicates a clear violation of traffic rules. This can be classified as negligence as the driver failed to adhere to the legal obligation to drive on the correct side of the road.

2. **Negligence of the Government Bus Owner**: The government bus was described as coming rashly without slowing down. This behavior can also be considered negligent, as it shows a lack of caution and care that a reasonable driver would exercise under similar circumstances.

3. **Inevitable Accident**: This option would apply if the collision occurred due to unforeseen circumstances that could not have been avoided by either party. However, given the details provided, it seems that both parties exhibited negligent behavior.

4. **Contributory Negligence**: This principle applies when both parties are found to be negligent. In this case, both the private bus and the government bus drivers contributed to the accident through their respective negligent actions.

In conclusion, the most appropriate determination would likely be that both the private bus owner and the government bus owner are negligent, leading to a finding of contributory negligence. Therefore, the correct options would be A (Private bus owner is negligent) and B (Government bus owner is negligent), with the possibility of D (Contributory negligence) being applicable as well. 

Case laws such as *Bhim Singh v. State of Jammu and Kashmir* and *K. S. Puttaswamy v. State of Karnataka* can be referenced to support the principles of negligence and contributory negligence in such scenarios.",Incorrect,
 The concept of invalid guarantee is covered under Sections,"Options:
A. 142-146
B. 142-144
C. 143-147
D. 140-143",B,"The concept of an invalid guarantee is indeed covered under Sections 140 to 143 of the Indian Contract Act, 1872. 

1. **Section 140** defines a ""guarantee"" as a contract to perform the promise or discharge the liability of a third person in case of their default. 

2. **Section 141** states that a guarantee may be either conditional or unconditional. 

3. **Section 142** explains that a guarantee is invalid if the principal debtor is not liable to perform the promise, or if the promise is not enforceable against the principal debtor.

4. **Section 143** provides that a guarantee is also invalid if it is given for a purpose that is illegal or against public policy.

In summary, a guarantee can be deemed invalid under the Indian Contract Act if the principal debtor is not liable, if the promise is unenforceable, or if the guarantee is for an illegal purpose. 

If you have specific options to identify the correct one, please provide them for further assistance.",Incorrect,
" A, a real estate developer, entered into a contract with ""B"", the owner of a piece of private land, for the purchase of her property. The contract stipulated that ""A"" would pay ₹50 lakhs in advance and the remaining ₹ 1 crore within six months. In return, ""B"" agreed to transfer the title to the land. However, after receiving the advance payment, ""B"" refused to execute the sale deed, claiming that she received a better offer from another buyer. ""A"" demanded the enforcement of the contract under the Specific Relief Act, 1963, but ""B"" denied his claim. ""A"" has to file a suit in a court of law. On the basis of the above problem, select the correct answer.","Options:
A. A may file a suit in the criminal court having the powers under the Bhartiya Nagarik Suraksha Sanhita, 2023.
B. A may file a suit in the special court constituted under the Specific Relief Act, 1963.
C. A may file a suit in the civil court having the powers under the Civil Procedure Code, 1908.
D. No suit can be brought against ""A"" as there in no breach of contract.",C,"A may file a suit in the special court constituted under the Specific Relief Act, 1963. The Specific Relief Act provides for the enforcement of contracts and allows a party to seek specific performance when the other party refuses to execute the sale deed after receiving an advance payment. 

In this scenario, since B has refused to execute the sale deed after accepting the advance, A has a valid ground to seek enforcement of the contract through a suit for specific performance. The relevant provisions of the Specific Relief Act, 1963, particularly Section 10, allow for specific performance of a contract when the terms are clear and the party seeking enforcement has fulfilled their obligations.

Options A and D are incorrect as they do not align with the legal recourse available under the Specific Relief Act. Option C is also not the most appropriate choice since the specific remedy sought is under the Specific Relief Act rather than the Civil Procedure Code, which governs the procedure for civil suits but does not provide the substantive right to specific performance.",Incorrect,
 How the recovery of specific immovable property may be enforced?,"Options:
A. A person entitled to the possession of specific immovable property may recover it in the manner provided by The Specific Relief Act, 1963.
B. A person entitled to the possession of specific immovable property may recover it in the manner provided by the Transfer of Property Act, 1882.
C. A person entitled to the possession of specific immovable property may recover it in the manner provided by the Code of Criminal Procedure, 1973.
D. A person entitled to the possession of specific immovable property may recover it in the manner provided by the Code of Civil Procedure, 1908.",D,"The recovery of specific immovable property can be enforced primarily through the Specific Relief Act, 1963. Here’s a detailed breakdown of the options provided:

A. **Specific Relief Act, 1963**: This Act specifically deals with the recovery of possession of immovable property. Under Section 5 of the Specific Relief Act, a person entitled to possession can recover it through a suit for recovery of possession. The Act provides a clear legal framework for such recovery, emphasizing the right to possession and the remedies available to the aggrieved party.

B. **Transfer of Property Act, 1882**: While this Act governs the transfer of property and the rights of parties involved in such transfers, it does not specifically provide a mechanism for the recovery of possession of immovable property. It is more focused on the rights and obligations arising from the transfer of property rather than the recovery of possession.

C. **Code of Criminal Procedure, 1973**: This code primarily deals with criminal proceedings and does not provide a mechanism for the recovery of immovable property. It is not applicable in civil disputes regarding possession of property.

D. **Code of Civil Procedure, 1908**: This code provides the procedural framework for civil litigation in India, including suits for recovery of possession. However, it does not specifically address the substantive rights related to the recovery of immovable property, which are covered under the Specific Relief Act.

In conclusion, the correct option for enforcing the recovery of specific immovable property is **A. Specific Relief Act, 1963**. This Act provides the necessary legal provisions for a person entitled to possession to recover it effectively.",Incorrect,